2018/07/10,1205.93,-0.5,-0.04
2018/07/09,1206.43,-17.96,-1.47
2018/07/08,1224.39,-0.02,0.0
2018/07/05,1224.41,36.01,3.03
2018/07/04,1188.4,8.04,0.68
2018/07/03,1180.36,0.65,0.06
2018/07/02,1179.71,-4.82,-0.41
2018/07/01,1184.53,-14.01,-1.17
2018/06/28,1198.54,-0.88,-0.07
2018/06/27,1199.42,4.62,0.39
2018/06/26,1194.8,-15.29,-1.26
2018/06/25,1210.09,-9.72,-0.8
2018/06/24,1219.81,1.35,0.1108
2018/06/21,1218.46,0.62,0.05
2018/06/20,1217.84,-8.34,-0.68
2018/06/19,1226.18,-8.97,-0.73
2018/06/18,1235.15,1.92,0.16
2018/06/17,1233.23,-14.07,-1.13
2018/06/14,1247.3,5.23,0.42
2018/06/13,1242.07,2.81,0.23
2018/06/12,1239.26,-1.93,-0.16
2018/06/11,1241.19,9.55,0.78
2018/06/10,1231.64,-25.43,-2.023
2018/06/07,1257.07,-25.68,-2.0
2018/06/06,1282.75,13.91,1.1
2018/06/04,1268.84,-5.11,-0.4011
2018/06/03,1273.95,-33.71,-2.58
2018/05/31,1307.66,-14.61,-1.1
2018/05/30,1322.27,-4.94,-0.37
2018/05/29,1327.21,-9.18,-0.69
2018/05/28,1336.39,35.98,2.77
2018/05/27,1300.41,-17.81,-1.35
2018/05/24,1318.22,-10.05,-0.7566
2018/05/23,1328.27,-4.55,-0.34
2018/05/22,1332.82,-4.31,-0.32
2018/05/21,1337.13,-2.06,-0.15
2018/05/20,1339.19,-0.46,-0.03
2018/05/17,1339.65,1.64,0.12
2018/05/16,1338.01,4.16,0.31
2018/05/15,1333.85,-4.32,-0.32
2018/05/14,1338.17,-10.28,-0.76
2018/05/10,1348.45,-7.7,-0.57
2018/05/09,1356.15,-4.87,-0.3578
2018/05/08,1361.02,15.65,1.16
2018/05/07,1345.37,-8.27,-0.6109
2018/05/06,1353.64,-12.51,-0.92
2018/05/03,1366.15,5.77,0.42
2018/05/02,1360.38,11.37,0.84
2018/04/29,1349.01,-8.21,-0.6049
2018/04/26,1357.22,-29.25,-2.1097
2018/04/25,1386.47,-8.39,-0.6
2018/04/24,1394.86,-15.99,-1.13
2018/04/23,1410.85,-27.64,-1.92
2018/04/22,1438.49,50.18,3.61
2018/04/19,1388.31,25.3,1.86
2018/04/18,1363.01,31.83,2.39
2018/04/17,1331.18,33.61,2.59
2018/04/16,1297.57,17.42,1.3608
2018/04/15,1280.15,2.6,0.2035
2018/04/12,1277.55,4.22,0.3314
2018/04/11,1273.33,3.1,0.2441
2018/04/10,1270.23,-17.55,-1.3628
2018/04/09,1287.78,-6.87,-0.5306
2018/04/08,1294.65,44.26,3.5397
2018/04/05,1250.39,23.94,1.952
2018/04/04,1226.45,27.45,2.2894
2018/04/03,1199.0,6.04,0.5063
2018/04/02,1192.96,-3.28,-0.2742
2018/04/01,1196.24,-24.05,-1.9708
2018/03/29,1220.29,15.48,1.28
2018/03/28,1204.81,-2.9,-0.2401
2018/03/27,1207.71,39.16,3.35
2018/03/26,1168.55,-51.89,-4.25
2018/03/22,1220.44,-10.63,-0.86
2018/03/21,1231.07,-24.4,-1.94
2018/03/20,1255.47,-15.05,-1.18
2018/03/19,1270.52,-8.44,-0.66
2018/03/18,1278.96,-9.4,-0.73
2018/03/15,1288.36,2.4,0.19
2018/03/14,1285.96,4.06,0.3167
2018/03/13,1281.9,4.89,0.38
2018/03/12,1277.01,-7.08,-0.55
2018/03/11,1284.09,-31.04,-2.36
2018/03/07,1315.13,18.69,1.44
2018/03/06,1296.44,8.7,0.68
2018/03/05,1287.74,-16.69,-1.2795
2018/03/04,1304.43,-41.56,-3.09
2018/02/28,1345.99,-18.82,-1.38
2018/02/27,1364.81,5.86,0.43
2018/02/26,1358.95,-15.78,-1.15
2018/02/25,1374.73,-12.25,-0.88
2018/02/22,1386.98,-0.1,-0.01
2018/02/21,1387.08,-9.64,-0.69
2018/02/20,1396.72,-17.18,-1.2151
2018/02/18,1413.89,-11.06,-0.78
2018/02/15,1424.95,36.01,2.5926
2018/02/14,1388.94,8.65,0.63
2018/02/12,1380.29,-4.42,-0.3192
2018/02/11,1384.71,-6.32,-0.45
2018/02/08,1391.03,9.01,0.6519
2018/02/07,1382.02,-12.01,-0.8615
2018/02/06,1394.03,-6.02,-0.43
2018/02/05,1400.05,-10.46,-0.74
2018/02/04,1410.51,-1.01,-0.07
2018/02/01,1411.52,7.03,0.5005
2018/01/31,1404.49,2.26,0.16
2018/01/29,1402.23,-3.72,-0.26
2018/01/28,1405.95,1.42,0.1011
2018/01/25,1404.53,9.8,0.7026
2018/01/24,1394.73,1.69,0.1213
2018/01/23,1393.04,-9.05,-0.65
2018/01/22,1402.09,-0.58,-0.04
2018/01/21,1402.67,-3.85,-0.2737
2018/01/17,1406.52,-7.19,-0.5086
2018/01/16,1413.71,-17.39,-1.22
2018/01/14,1431.1,-9.19,-0.6381
2018/01/10,1440.29,-15.78,-1.0837
2018/01/09,1456.07,12.27,0.85
2018/01/08,1443.8,12.0,0.8381
2018/01/07,1431.8,7.97,0.56
2018/01/04,1423.83,7.22,0.5097
2018/01/03,1416.61,-20.63,-1.4354
2018/01/02,1437.24,2.44,0.17
2018/01/01,1434.8,44.22,3.18
2017/12/31,1390.58,-24.2,-1.71
2017/12/28,1414.78,-10.73,-0.75
2017/12/27,1425.51,-21.53,-1.4879
2017/12/26,1447.04,-20.64,-1.4063
2017/12/24,1467.68,-4.47,-0.3036
2017/12/21,1472.15,-12.32,-0.8299
2017/12/20,1484.47,-9.29,-0.62
2017/12/19,1493.76,-14.49,-0.9607
2017/12/18,1508.25,-0.89,-0.059
2017/12/17,1509.14,-11.01,-0.7243
2017/12/14,1518.03,-2.71,-0.1782
2017/12/13,1520.74,10.53,0.7
2017/12/12,1510.21,-17.54,-1.1481
2017/12/11,1527.75,-2.74,-0.179
2017/12/10,1530.49,-6.05,-0.3937
2017/12/06,1536.54,11.67,0.7653
2017/12/05,1524.87,-1.9,-0.1244
2017/12/04,1526.77,-10.9,-0.7089
2017/11/30,1537.67,1.55,0.1
2017/11/29,1536.12,12.26,0.8
2017/11/28,1523.86,10.12,0.6685
2017/11/27,1513.74,-0.6,-0.0396
2017/11/26,1514.34,21.05,1.41
2017/11/23,1493.29,13.03,0.88
2017/11/22,1480.26,8.02,0.5447
2017/11/21,1472.24,3.08,0.2096
2017/11/20,1469.16,-6.56,-0.4445
2017/11/19,1475.72,-13.34,-0.9
2017/11/16,1489.06,-15.73,-1.0453
2017/11/15,1504.79,-11.23,-0.7408
2017/11/14,1516.02,25.14,1.6863
2017/11/13,1490.88,13.74,0.9302
2017/11/12,1477.14,16.41,1.12
2017/11/09,1460.73,-5.89,-0.4016
2017/11/08,1466.62,-17.83,-1.2011
2017/11/07,1484.45,-8.97,-0.6006
2017/11/06,1493.42,-3.04,-0.2
2017/11/05,1496.46,-26.35,-1.7304
2017/11/02,1522.81,-3.7,-0.2424
2017/11/01,1526.51,-7.02,-0.4578
2017/10/31,1533.53,-3.19,-0.2076
2017/10/30,1536.72,-3.51,-0.2279
2017/10/29,1540.23,-13.49,-0.87
2017/10/25,1553.72,-13.92,-0.888
2017/10/24,1567.64,-0.66,-0.04
2017/10/23,1568.3,-3.62,-0.23
2017/10/22,1571.92,3.57,0.2276
2017/10/18,1568.35,9.17,0.5881
2017/10/17,1559.18,-5.72,-0.3655
2017/10/16,1564.9,46.62,3.0706
2017/10/15,1518.28,8.26,0.547
2017/10/12,1510.02,4.03,0.2676
2017/10/11,1505.99,3.36,0.2236
2017/10/10,1502.63,0.74,0.0493
2017/10/09,1501.89,-8.12,-0.5377
2017/10/08,1510.01,-32.64,-2.1158
2017/10/04,1542.65,-13.7,-0.88
2017/10/03,1556.35,6.89,0.4447
2017/09/26,1549.46,4.02,0.2601
2017/09/25,1545.44,8.52,0.5544
2017/09/24,1536.92,-2.89,-0.1877
2017/09/20,1539.81,-3.89,-0.252
2017/09/18,1543.7,-4.24,-0.2739
2017/09/17,1547.94,17.63,1.1521
2017/09/14,1530.31,37.11,2.4853
2017/09/13,1493.2,-9.0,-0.5991
2017/09/12,1502.2,-21.06,-1.3826
2017/09/11,1523.26,3.6,0.2369
2017/09/10,1519.66,-34.89,-2.2444
2017/09/07,1554.55,-11.95,-0.7628
2017/09/06,1566.5,11.94,0.7681
2017/09/04,1554.56,-25.47,-1.612
2017/08/31,1580.03,-18.33,-1.15
2017/08/30,1598.36,-14.55,-0.9
2017/08/28,1612.91,-9.41,-0.58
2017/08/27,1622.32,4.51,0.28
2017/08/24,1617.81,6.54,0.41
2017/08/23,1611.27,-2.78,-0.1722
2017/08/22,1614.05,2.48,0.1539
2017/08/21,1611.57,-6.4,-0.3956
2017/08/20,1617.97,-11.78,-0.7228
2017/08/17,1629.75,-2.91,-0.1782
2017/08/16,1632.66,3.5,0.2148
2017/08/15,1629.16,-12.97,-0.7898
2017/08/13,1642.13,-11.4,-0.6894
2017/08/10,1653.53,-8.19,-0.4929
2017/08/09,1661.72,-6.22,-0.3729
2017/08/07,1667.94,2.89,0.17
2017/08/06,1665.05,4.47,0.2692
2017/08/03,1660.58,-2.16,-0.13
2017/08/02,1662.74,2.49,0.15
2017/08/01,1660.25,7.56,0.4574
2017/07/31,1652.69,9.41,0.5726
2017/07/30,1643.28,-3.25,-0.2
2017/07/27,1646.53,1.5,0.0912
2017/07/26,1645.03,8.84,0.5403
2017/07/25,1636.19,7.11,0.4364
2017/07/24,1629.08,-6.48,-0.3962
2017/07/23,1635.56,-0.19,-0.0116
2017/07/20,1635.75,-1.52,-0.0928
2017/07/19,1637.27,-1.14,-0.0696
2017/07/18,1638.41,34.26,2.1357
2017/07/17,1604.15,20.58,1.2996
2017/07/16,1583.57,0.9,0.0569
2017/07/13,1582.67,-4.89,-0.308
2017/07/12,1587.56,2.55,0.1609
2017/07/11,1585.01,9.79,0.6215
2017/07/10,1575.22,-8.93,-0.5637
2017/07/09,1584.15,2.04,0.13
2017/07/06,1582.11,31.05,2.0019
2017/07/05,1551.06,9.78,0.6345
2017/07/04,1541.28,-3.01,-0.1949
2017/07/03,1544.29,2.47,0.1602
2017/07/02,1541.82,-21.99,-1.4062
2017/06/28,1563.81,-1.28,-0.0818
2017/06/27,1565.09,-2.63,-0.1678
2017/06/25,1567.72,8.23,0.5277
2017/06/22,1559.49,4.8,0.3087
2017/06/21,1554.69,3.62,0.2334
2017/06/20,1551.07,-4.09,-0.263
2017/06/19,1555.16,-20.82,-1.3211
2017/06/18,1575.98,-13.61,-0.8562
2017/06/15,1589.59,5.1,0.3219
2017/06/14,1584.49,-0.66,-0.0416
2017/06/13,1585.15,4.63,0.2929
2017/06/12,1580.52,-9.97,-0.6269
2017/06/11,1590.49,-24.7,-1.5292
2017/06/08,1615.19,-7.94,-0.4892
2017/06/07,1623.13,-14.24,-0.8697
2017/06/06,1637.37,34.72,2.1664
2017/06/05,1602.65,8.84,0.5546
2017/06/04,1593.81,-10.5,-0.6545
2017/06/01,1604.31,-3.8,-0.2363
2017/05/31,1608.11,13.68,0.86
2017/05/30,1594.43,-21.15,-1.3091
2017/05/28,1615.58,-14.0,-0.8591
2017/05/24,1629.58,3.07,0.19
2017/05/23,1626.51,10.11,0.6255
2017/05/22,1616.4,-10.84,-0.6662
2017/05/21,1627.24,-16.63,-1.0116
2017/05/18,1643.87,-0.39,-0.02
2017/05/17,1644.26,-4.98,-0.302
2017/05/16,1649.24,-9.99,-0.6021
2017/05/15,1659.23,0.65,0.0392
2017/05/11,1658.58,7.77,0.4707
2017/05/09,1650.81,13.51,0.8251
2017/05/08,1637.3,8.32,0.5107
2017/05/07,1628.98,-24.2,-1.4639
2017/05/04,1653.18,-9.2,-0.5534
2017/05/03,1662.38,4.05,0.2442
2017/05/02,1658.33,7.55,0.4574
2017/04/30,1650.78,-19.84,-1.1876
2017/04/27,1670.62,0.32,0.0192
2017/04/26,1670.3,-2.08,-0.1244
2017/04/25,1672.38,-3.4,-0.2029
2017/04/24,1675.78,-17.94,-1.0592
2017/04/23,1693.72,35.38,2.13
2017/04/20,1658.34,-3.68,-0.2214
2017/04/19,1662.02,49.98,3.1004
2017/04/18,1612.04,-39.57,-2.4
2017/04/16,1651.61,-45.52,-2.6822
2017/04/13,1697.13,-5.94,-0.3488
2017/04/12,1703.07,-6.75,-0.3948
2017/04/11,1709.82,33.6,2.0045
2017/04/10,1676.22,24.62,1.4907
2017/04/09,1651.6,0.56,0.0339
2017/04/06,1651.04,-5.98,-0.36
2017/04/04,1657.02,-3.5,-0.21
2017/04/03,1660.52,-6.59,-0.3953
2017/04/02,1667.11,79.47,5.0055
2017/03/30,1587.64,-0.65,-0.04
2017/03/29,1588.29,-22.33,-1.39
2017/03/28,1610.62,76.79,5.01
2017/03/26,1533.83,47.79,3.2159
2017/03/23,1486.04,4.96,0.3349
2017/03/22,1481.08,18.85,1.2891
2017/03/21,1462.23,37.85,2.6573
2017/03/20,1424.38,42.19,3.0524
2017/03/19,1382.19,24.85,1.83
2017/03/16,1357.34,1.21,0.0892
2017/03/15,1356.13,9.04,0.6711
2017/03/14,1347.09,-8.14,-0.6006
2017/03/13,1355.23,7.7,0.5714
2017/03/09,1347.53,5.97,0.445
2017/03/07,1341.56,-16.85,-1.2404
2017/03/02,1329.41,12.61,0.9576
2017/03/01,1316.8,17.51,1.3477
2017/02/28,1299.29,-13.72,-1.0449
2017/02/26,1313.01,-24.45,-1.8281
2017/02/23,1337.46,-6.65,-0.4948
2017/02/22,1344.11,-13.46,-0.9915
2017/02/21,1357.57,-7.54,-0.5523
2017/02/20,1365.11,-4.24,-0.31
2017/02/19,1369.35,25.5,1.8975
2017/02/16,1343.85,27.05,2.0542
2017/02/15,1316.8,41.83,3.28
2017/02/14,1274.97,-4.01,-0.3135
2017/02/13,1278.98,26.48,2.1142
2017/02/12,1252.5,-43.73,-3.3736
2017/02/09,1296.23,-26.75,-2.022
2017/02/08,1322.98,-21.62,-1.6079
2017/02/07,1344.6,-4.24,-0.3143
2017/02/06,1348.84,-15.66,-1.1477
2017/02/05,1364.5,-17.95,-1.2984
2017/02/02,1382.45,-7.38,-0.531
2017/02/01,1389.83,63.23,4.7663
2017/01/31,1326.6,16.9,1.2904
2017/01/30,1309.7,-65.44,-4.76
2017/01/26,1375.14,-21.47,-1.5373
2017/01/25,1396.61,-36.38,-2.5388
2017/01/24,1432.99,-24.89,-1.7073
2017/01/23,1457.88,-7.96,-0.543
2017/01/22,1465.84,3.28,0.2243
2017/01/19,1462.56,0.33,0.0226
2017/01/18,1462.23,-0.81,-0.0554
2017/01/17,1463.04,-3.05,-0.208
2017/01/16,1466.09,-11.63,-0.787
2017/01/15,1477.72,-2.14,-0.1446
2017/01/12,1479.86,3.35,0.2269
2017/01/11,1476.51,-0.39,-0.0264
2017/01/10,1476.9,17.93,1.229
2017/01/09,1458.97,11.52,0.7959
2017/01/08,1447.45,-6.69,-0.4601
2017/01/05,1454.14,-3.68,-0.2524
2017/01/04,1457.82,1.0,0.0686
2017/01/03,1456.82,-26.03,-1.7554
2017/01/02,1482.85,17.13,1.1687
2017/01/01,1465.72,22.34,1.5478
2016/12/29,1443.38,30.23,2.1392
2016/12/28,1413.15,5.62,0.4
2016/12/27,1407.53,-25.04,-1.7479
2016/12/26,1432.57,-42.84,-2.9036
2016/12/22,1475.41,4.78,0.325
2016/12/21,1470.63,-25.36,-1.6952
2016/12/20,1495.99,-18.89,-1.247
2016/12/19,1514.88,-16.47,-1.08
2016/12/18,1531.35,1.29,0.0843
2016/12/15,1530.06,13.98,0.92
2016/12/14,1516.08,6.65,0.4406
2016/12/12,1509.43,-13.37,-0.878
2016/12/11,1522.8,-21.88,-1.4165
2016/12/08,1544.68,-9.22,-0.59
2016/12/07,1553.9,-0.61,-0.0392
2016/12/06,1554.51,9.91,0.64
2016/12/05,1544.6,-26.35,-1.6773
2016/12/04,1570.95,-29.54,-1.85
2016/12/01,1600.49,-7.84,-0.49
2016/11/30,1608.33,54.65,3.5175
2016/11/29,1553.68,43.52,2.88
2016/11/28,1510.16,40.68,2.77
2016/11/27,1469.48,-64.55,-4.21
2016/11/24,1534.03,-5.98,-0.3883
2016/11/23,1540.01,-42.46,-2.68
2016/11/22,1582.47,-23.82,-1.48
2016/11/21,1606.29,6.67,0.42
2016/11/20,1599.62,-58.46,-3.5258
2016/11/17,1658.08,-40.82,-2.4
2016/11/16,1698.9,-3.01,-0.18
2016/11/15,1701.91,-4.37,-0.26
2016/11/14,1706.28,6.28,0.37
2016/11/13,1700.0,2.83,0.17
2016/11/10,1697.17,0.31,0.02
2016/11/09,1696.86,-27.63,-1.6
2016/11/08,1724.49,-24.63,-1.41
2016/11/07,1749.12,-13.09,-0.74
2016/11/03,1762.21,2.5,0.14
2016/10/27,1759.71,6.25,0.36
2016/10/26,1753.46,2.46,0.14
2016/10/25,1751.0,-17.89,-1.0114
2016/10/24,1768.89,-13.5,-0.76
2016/10/23,1782.39,-12.08,-0.67
2016/10/20,1794.47,6.58,0.37
2016/10/19,1787.89,-4.84,-0.27
2016/10/18,1792.73,-0.63,-0.04
2016/10/17,1793.36,-10.38,-0.58
2016/10/16,1803.74,-16.14,-0.89
2016/10/06,1819.88,13.28,0.74
2016/10/05,1806.6,8.1,0.45
2016/10/04,1798.5,18.1,1.02
2016/10/03,1780.4,16.62,0.94
2016/10/02,1763.78,10.4,0.59
2016/09/29,1753.38,4.28,0.24
2016/09/28,1749.1,-4.62,-0.26
2016/09/27,1753.72,-3.38,-0.19
2016/09/26,1757.1,26.46,1.53
2016/09/25,1730.64,-36.27,-2.05
2016/09/22,1766.91,-12.22,-0.69
2016/09/21,1779.13,-7.37,-0.41
2016/09/20,1786.5,-17.98,-1.0
2016/09/18,1804.48,-10.69,-0.5889
2016/09/14,1815.17,-3.52,-0.19
2016/09/12,1818.69,1.88,0.1
2016/09/11,1816.81,-6.24,-0.34
2016/09/08,1823.05,-1.78,-0.1
2016/09/07,1824.83,-9.97,-0.54
2016/09/06,1834.8,-4.1,-0.22
2016/09/05,1838.9,19.07,1.05
2016/09/04,1819.83,14.65,0.8116
2016/09/01,1805.18,7.73,0.43
2016/08/31,1797.45,9.37,0.52
2016/08/30,1788.08,21.54,1.22
2016/08/29,1766.54,18.31,1.05
2016/08/28,1748.23,17.61,1.02
2016/08/24,1730.62,48.76,2.9
2016/08/23,1681.86,-1.26,-0.07
2016/08/22,1683.12,-39.31,-2.28
2016/08/21,1722.43,-12.63,-0.73
2016/08/17,1735.06,17.61,1.03
2016/08/16,1717.45,22.64,1.34
2016/08/15,1694.81,-39.12,-2.26
2016/08/14,1733.93,-40.94,-2.31
2016/08/11,1774.87,-4.7,-0.26
2016/08/10,1777.06,16.64,0.9452
2016/08/09,1760.42,84.51,5.0426
2016/08/08,1675.91,-88.81,-5.0325
2016/08/07,1764.72,-3.88,-0.22
2016/08/04,1768.6,-45.12,-2.49
2016/08/03,1813.72,-12.75,-0.7
2016/08/02,1826.47,-18.94,-1.03
2016/08/01,1845.41,-17.35,-0.93
2016/07/31,1862.76,-15.17,-0.81
2016/07/28,1877.93,-3.52,-0.19
2016/07/27,1881.45,14.95,0.8
2016/07/26,1866.5,28.01,1.52
2016/07/25,1838.49,39.66,2.2048
2016/07/21,1798.83,11.99,0.67
2016/07/20,1786.84,-13.63,-0.76
2016/07/19,1800.47,13.9,0.778
2016/07/18,1786.57,40.83,2.34
2016/07/17,1745.74,27.59,1.61
2016/07/14,1718.15,27.72,1.64
2016/07/13,1690.43,-2.64,-0.16
2016/07/12,1693.07,-9.2,-0.54
2016/07/11,1702.27,-20.26,-1.18
2016/07/10,1722.53,6.81,0.4
2016/07/06,1715.72,2.69,0.16
2016/07/05,1713.21,-3.62,-0.21
2016/07/04,1716.83,-2.37,-0.14
2016/07/03,1719.2,-4.03,-0.23
2016/06/30,1723.23,-1.36,-0.08
2016/06/29,1724.59,0.4,0.02
2016/06/28,1724.19,11.35,0.66
2016/06/27,1712.84,27.67,1.64
2016/06/26,1685.17,18.88,1.1331
2016/06/23,1666.29,18.78,1.14
2016/06/22,1647.51,18.7,1.15
2016/06/21,1628.81,13.71,0.85
2016/06/20,1615.1,-7.17,-0.44
2016/06/19,1622.27,-10.67,-0.65
2016/06/16,1632.94,12.47,0.7695
2016/06/15,1620.47,6.32,0.39
2016/06/14,1614.15,4.56,0.28
2016/06/13,1609.59,11.63,0.73
2016/06/12,1597.96,31.26,2.0
2016/06/09,1566.7,19.9,1.2865
2016/06/08,1546.8,15.31,1.0
2016/06/07,1531.49,14.69,0.9685
2016/06/06,1516.8,33.66,2.27
2016/06/05,1483.14,-34.98,-2.3
2016/06/02,1518.12,-5.44,-0.36
2016/06/01,1523.56,-8.56,-0.56
2016/05/31,1532.12,5.16,0.34
2016/05/30,1526.96,4.71,0.31
2016/05/29,1522.25,-2.84,-0.19
2016/05/26,1525.09,0.97,0.0636
2016/05/25,1524.12,-20.41,-1.3214
2016/05/24,1544.53,20.46,1.34
2016/05/23,1524.07,14.68,0.9726
2016/05/22,1509.39,10.07,0.6716
2016/05/19,1499.32,2.91,0.19
2016/05/18,1496.41,12.73,0.86
2016/05/17,1483.68,16.17,1.1
2016/05/16,1467.51,-9.87,-0.67
2016/05/15,1477.38,-4.56,-0.31
2016/05/12,1481.94,0.76,0.05
2016/05/11,1481.18,-2.86,-0.19
2016/05/10,1484.04,1.14,0.0769
2016/05/09,1482.9,10.21,0.6933
2016/05/08,1472.69,9.56,0.65
2016/05/05,1463.13,-4.98,-0.34
2016/05/04,1468.11,-3.84,-0.26
2016/05/03,1471.95,-2.52,-0.17
2016/05/02,1474.47,9.56,0.65
2016/04/28,1464.91,6.53,0.45
2016/04/27,1458.38,5.27,0.36
2016/04/26,1453.11,-8.64,-0.59
2016/04/25,1461.75,7.4,0.51
2016/04/24,1454.35,12.68,0.88
2016/04/21,1441.67,0.98,0.07
2016/04/20,1440.69,9.88,0.6905
2016/04/19,1430.81,2.21,0.1547
2016/04/18,1428.6,19.17,1.36
2016/04/17,1409.43,3.65,0.2596
2016/04/14,1405.78,17.15,1.24
2016/04/12,1388.63,4.78,0.35
2016/04/11,1383.85,1.43,0.1
2016/04/10,1382.42,5.0,0.363
2016/04/06,1377.42,2.16,0.16
2016/04/05,1375.26,12.73,0.9343
2016/04/04,1362.53,10.99,0.81
2016/04/03,1351.54,-3.94,-0.29
2016/03/31,1355.48,-7.5,-0.5503
2016/03/30,1362.98,-7.06,-0.52
2016/03/29,1370.04,-4.71,-0.34
2016/03/28,1374.75,-2.58,-0.19
2016/03/27,1377.33,20.19,1.49
2016/03/24,1357.14,11.61,0.8629
2016/03/23,1345.53,3.46,0.2578
2016/03/21,1342.07,-1.86,-0.1384
2016/03/20,1343.93,17.4,1.3117
2016/03/17,1326.53,10.76,0.8178
2016/03/16,1315.77,2.92,0.2224
2016/03/15,1312.85,0.65,0.0495
2016/03/14,1312.2,-6.68,-0.5065
2016/03/13,1318.88,0.85,0.0645
2016/03/10,1318.03,11.49,0.8794
2016/03/06,1306.54,5.78,0.4444
2016/03/03,1300.76,4.98,0.3843
2016/03/02,1295.78,6.26,0.4855
2016/03/01,1289.52,5.58,0.4346
2016/02/29,1283.94,0.27,0.021
2016/02/28,1283.67,0.15,0.0117
2016/02/25,1283.52,3.62,0.2828
2016/02/24,1279.9,-6.03,-0.4689
2016/02/23,1285.93,-5.88,-0.46
2016/02/22,1291.81,12.89,1.0079
2016/02/21,1278.92,5.64,0.443
2016/02/18,1273.28,7.2,0.5687
2016/02/17,1266.08,8.74,0.6951
2016/02/16,1257.34,-0.89,-0.0707
2016/02/15,1258.23,-1.12,-0.0889
2016/02/14,1259.35,-4.37,-0.3458
2016/02/11,1263.72,-0.03,-0.0024
2016/02/08,1263.75,0.93,0.0736
2016/02/07,1262.82,11.4,0.911
2016/02/04,1251.42,9.29,0.7479
2016/02/03,1242.13,2.06,0.17
2016/02/02,1240.07,2.05,0.17
2016/02/01,1238.02,17.32,1.4189
2016/01/31,1220.7,4.59,0.3774
2016/01/28,1216.11,-0.85,-0.0698
2016/01/27,1216.96,-1.43,-0.12
2016/01/26,1218.39,-4.04,-0.3305
2016/01/25,1222.43,2.81,0.2304
2016/01/24,1219.62,7.3,0.6022
2016/01/21,1212.32,-1.25,-0.1
2016/01/20,1213.57,-0.14,-0.0115
2016/01/19,1213.71,-0.6,-0.05
2016/01/18,1214.31,2.31,0.1906
2016/01/17,1209.67,19.51,1.6393
2016/01/14,1190.16,9.18,0.7773
2016/01/13,1180.98,7.38,0.6288
2016/01/12,1173.6,4.79,0.4098
2016/01/11,1168.81,1.63,0.1397
2016/01/10,1167.18,3.04,0.2611
2016/01/07,1164.14,14.25,1.24
2016/01/06,1149.89,3.12,0.2721
2016/01/05,1146.77,-7.85,-0.6799
2016/01/04,1154.62,-6.22,-0.5358
2016/01/03,1160.84,9.46,0.82
2015/12/31,1151.38,9.21,0.8064
2015/12/29,1142.17,10.22,0.9
2015/12/28,1131.95,-3.52,-0.31
2015/12/27,1135.47,-1.56,-0.14
2015/12/24,1137.03,3.69,0.3256
2015/12/23,1133.34,-4.84,-0.43
2015/12/22,1138.18,6.66,0.5886
2015/12/21,1131.52,12.57,1.1234
2015/12/20,1118.95,8.27,0.74
2015/12/17,1110.68,-5.51,-0.49
2015/12/16,1116.19,-4.83,-0.4309
2015/12/15,1121.02,0.84,0.075
2015/12/14,1120.18,1.61,0.1439
2015/12/13,1118.57,-0.78,-0.0697
2015/12/10,1119.35,-3.44,-0.3064
2015/12/09,1122.79,15.56,1.4053
2015/12/08,1107.23,-0.71,-0.0641
2015/12/07,1107.94,5.1,0.4624
2015/12/06,1102.84,29.9,2.7867
2015/12/03,1072.94,10.16,0.96
2015/12/02,1062.78,-3.6,-0.3376
2015/12/01,1066.38,32.26,3.12
2015/11/30,1034.12,11.35,1.1097
2015/11/29,1022.77,-21.24,-2.0345
2015/11/26,1044.01,-12.41,-1.1747
2015/11/25,1056.42,-10.27,-0.9628
2015/11/24,1066.69,-9.11,-0.8468
2015/11/23,1075.8,4.42,0.4126
2015/11/22,1071.38,-23.19,-2.1186
2015/11/19,1094.57,-4.68,-0.4257
2015/11/18,1099.25,5.07,0.4634
2015/11/16,1094.18,-5.91,-0.54
2015/11/15,1100.09,-9.2,-0.8294
2015/11/10,1109.29,1.86,0.168
2015/11/09,1107.43,20.86,1.9198
2015/11/08,1086.57,-4.11,-0.3768
2015/11/05,1090.68,-1.62,-0.1483
2015/11/04,1092.3,6.43,0.5922
2015/11/03,1086.2,-5.63,-0.5156
2015/11/02,1091.83,3.53,0.3244
2015/11/01,1088.3,-3.74,-0.3425
2015/10/29,1092.04,7.67,0.7073
2015/10/28,1084.37,-7.36,-0.6742
2015/10/27,1091.73,-29.32,-2.6154
2015/10/25,1121.05,-6.37,-0.565
2015/10/19,1127.42,7.59,0.6778
2015/10/18,1119.83,-14.64,-1.2905
2015/10/15,1134.47,-0.62,-0.0546
2015/10/14,1135.09,-8.79,-0.7684
2015/10/11,1143.88,-18.18,-1.5645
2015/10/08,1162.06,12.61,1.0971
2015/10/07,1149.45,-9.34,-0.806
2015/10/06,1158.79,-12.48,-1.0655
2015/10/05,1171.27,-12.21,-1.0317
2015/10/04,1183.48,4.74,0.4021
2015/10/01,1178.74,-2.54,-0.22
2015/09/30,1181.28,11.98,1.0245
2015/09/29,1169.3,9.21,0.7939
2015/09/28,1160.09,-16.77,-1.425
2015/09/24,1176.86,-6.5,-0.5493
2015/09/23,1183.36,27.28,2.3597
2015/09/22,1156.08,-39.94,-3.34
2015/09/17,1196.02,-6.79,-0.5645
2015/09/16,1202.81,-3.03,-0.2513
2015/09/15,1205.84,11.73,0.9823
2015/09/14,1194.11,10.18,0.8598
2015/09/13,1183.93,15.22,1.3023
2015/09/10,1168.71,-4.45,-0.3793
2015/09/09,1173.16,-1.53,-0.1302
2015/09/08,1174.69,3.72,0.3177
2015/09/07,1170.97,4.28,0.3669
2015/09/06,1166.69,-2.71,-0.2317
2015/09/03,1169.4,-6.86,-0.5832
2015/09/02,1176.26,-15.08,-1.2658
2015/09/01,1191.34,-8.81,-0.73
2015/08/31,1200.15,16.39,1.3846
2015/08/27,1183.76,8.19,0.6967
2015/08/26,1175.57,-5.84,-0.4943
2015/08/25,1181.41,-0.34,-0.0288
2015/08/24,1181.75,-2.92,-0.2465
2015/08/23,1184.67,-16.25,-1.3531
2015/08/20,1200.92,9.0,0.7551
2015/08/19,1191.92,31.99,2.7579
2015/08/18,1159.93,2.33,0.2013
2015/08/17,1157.6,45.55,4.096
2015/08/16,1112.05,23.63,2.171
2015/08/13,1088.42,11.23,1.0425
2015/08/12,1077.19,-0.59,-0.0547
2015/08/11,1077.78,-3.58,-0.3311
2015/08/10,1081.36,17.95,1.688
2015/08/09,1063.41,23.05,2.22
2015/08/06,1040.36,6.34,0.61
2015/08/04,1029.92,-0.48,-0.05
2015/08/03,1030.4,-3.74,-0.3617
2015/07/30,1027.98,6.65,0.65
2015/07/29,1021.33,-6.81,-0.6624
2015/07/28,1028.14,-18.26,-1.745
2015/07/27,1046.4,-7.55,-0.72
2015/07/26,1053.95,50.57,5.04
2015/07/23,1003.38,40.11,4.16
2015/07/22,963.27,2.04,0.2122
2015/07/16,961.23,10.51,1.11
2015/07/15,950.72,4.26,0.45
2015/07/14,946.46,2.46,0.26
2015/07/13,944.0,-0.96,-0.1016
2015/07/12,944.96,1.53,0.16
2015/07/09,943.43,0.27,0.0286
2015/07/08,943.16,1.8,0.1912
2015/07/07,941.36,4.6,0.49
2015/07/06,936.76,-1.26,-0.1343
2015/07/05,938.02,-0.94,-0.1
2015/07/02,938.96,-6.82,-0.7211
2015/07/01,945.78,-3.35,-0.353
2015/06/30,949.13,2.8,0.2959
2015/06/29,946.33,8.33,0.8881
2015/06/28,938.0,7.62,0.819
2015/06/25,930.38,2.25,0.2424
2015/06/24,928.13,2.04,0.2203
2015/06/23,926.09,3.62,0.3924
2015/06/22,922.47,4.5,0.49
2015/06/21,917.97,-6.63,-0.72
2015/06/18,924.6,-3.25,-0.3503
2015/06/17,927.85,-2.85,-0.3062
2015/06/16,930.7,-3.03,-0.32
2015/06/15,933.73,5.38,0.58
2015/06/14,928.35,-9.61,-1.02
2015/06/11,937.96,-17.7,-1.85
2015/06/10,955.66,-10.93,-1.13
2015/06/09,966.59,21.1,2.23
2015/06/08,945.49,14.32,1.54
2015/06/07,931.17,4.33,0.47
2015/06/04,926.84,1.35,0.15
2015/06/02,901.98,11.55,1.3
2015/06/01,890.43,18.49,2.1206
2015/05/31,871.94,29.98,3.5607
2015/05/28,841.96,4.13,0.49
2015/05/27,837.83,-22.14,-2.5745
2015/05/26,859.97,-20.56,-2.335
2015/05/25,880.53,-29.29,-3.22
2015/05/24,909.82,-28.37,-3.0239
2015/04/23,938.19,-3.83,-0.4066
2015/04/22,942.02,-3.1,-0.33
2015/04/21,945.12,0.14,0.01
2015/04/20,944.98,-0.72,-0.08
2015/04/19,945.7,-4.22,-0.44
2015/04/16,949.92,5.79,0.61
2015/04/15,944.13,-4.23,-0.45
2015/04/13,948.36,-3.67,-0.39
2015/04/12,952.03,5.14,0.54
2015/04/09,946.89,4.74,0.5
2015/04/08,942.15,6.62,0.71
2015/04/07,935.53,-2.59,-0.28
2015/04/06,938.12,3.87,0.41
2015/04/05,934.25,-5.84,-0.62
2015/04/02,940.09,0.55,0.06
2015/04/01,939.54,-6.2,-0.66
2015/03/31,945.74,6.64,0.71
2015/03/30,939.1,-3.2,-0.34
2015/03/29,942.3,-0.1,-0.01
2015/03/26,942.4,-8.89,-0.93
2015/03/25,951.29,-2.55,-0.27
2015/03/24,953.84,-2.75,-0.29
2015/03/23,956.59,-7.53,-0.78
2015/03/22,964.12,-3.5,-0.36
2015/03/19,967.62,3.38,0.35
2015/03/18,964.24,0.78,0.08
2015/03/17,963.46,4.32,0.45
2015/03/16,959.14,-11.54,-1.19
2015/03/15,970.68,-7.76,-0.79
2015/03/12,978.44,-5.62,-0.57
2015/03/11,984.06,-0.37,-0.0376
2015/03/10,984.43,-4.34,-0.44
2015/03/09,988.77,5.28,0.5369
2015/03/04,983.49,2.07,0.2109
2015/03/03,981.42,-3.43,-0.3483
2015/03/02,984.85,9.18,0.9409
2015/03/01,975.67,-3.6,-0.3676
2015/02/26,979.27,8.65,0.8912
2015/02/25,970.62,-0.15,-0.0155
2015/02/24,970.77,-3.18,-0.3265
2015/02/23,973.95,2.48,0.2553
2015/02/22,971.47,-11.18,-1.1377
2015/02/18,982.65,-4.4,-0.4458
2015/02/16,987.05,-2.82,-0.2849
2015/02/15,989.87,5.36,0.5444
2015/02/12,984.51,3.5,0.3568
2015/02/11,981.01,0.47,0.0479
2015/02/10,980.54,-0.16,-0.0163
2015/02/09,980.7,-5.32,-0.5395
2015/02/08,986.02,1.8,0.18
2015/02/05,984.22,-2.81,-0.28
2015/02/04,987.03,-0.52,-0.0527
2015/02/03,987.55,-3.21,-0.32
2015/02/02,990.76,-0.68,-0.07
2015/02/01,991.44,4.78,0.48
2015/01/29,986.66,-1.41,-0.14
2015/01/28,988.07,12.93,1.33
2015/01/27,975.14,6.51,0.67
2015/01/26,968.63,-0.42,-0.04
2015/01/25,969.05,9.81,1.02
2015/01/22,959.24,-3.56,-0.37
2015/01/20,962.8,-12.65,-1.3
2015/01/19,975.45,30.09,3.18
2015/01/18,945.36,5.83,0.62
2015/01/14,939.53,2.05,0.22
2015/01/13,937.48,9.68,1.04
2015/01/12,927.8,-0.53,-0.06
2015/01/11,928.33,-2.64,-0.28
2015/01/08,930.97,6.43,0.7
2015/01/07,924.54,7.13,0.78
2015/01/06,917.41,-2.36,-0.26
2015/01/05,919.77,2.27,0.25
2015/01/04,917.5,13.82,1.53
2015/01/01,903.68,1.35,0.15
2014/12/31,902.33,-4.9,-0.54
2014/12/29,907.23,3.51,0.39
2014/12/28,903.72,15.92,1.79
2014/12/24,887.8,10.59,1.21
2014/12/23,877.21,-8.23,-0.93
2014/12/22,885.44,-11.17,-1.25
2014/12/21,896.61,-7.28,-0.81
2014/12/18,903.89,3.49,0.39
2014/12/17,900.4,-9.8,-1.08
2014/12/16,910.2,-6.54,-0.71
2014/12/15,916.74,6.73,0.74
2014/12/14,910.01,39.38,4.52
2014/12/11,870.63,15.12,1.77
2014/12/10,855.51,6.78,0.8
2014/12/09,848.73,0.32,0.04
2014/12/08,848.41,-2.47,-0.29
2014/12/07,850.88,-2.88,-0.34
2014/12/04,853.76,3.6,0.42
2014/12/03,850.16,3.75,0.44
2014/12/02,846.41,-5.02,-0.59
2014/12/01,851.43,-5.45,-0.64
2014/11/30,856.88,-6.13,-0.71
2014/11/25,863.01,-1.3,-0.15
2014/11/24,864.31,-4.84,-0.56
2014/11/23,869.15,6.65,0.77
2014/11/20,862.5,8.55,1.0
2014/11/19,853.95,9.89,1.17
2014/11/18,844.06,-4.12,-0.49
2014/11/17,848.18,-17.98,-2.08
2014/11/16,866.16,-14.88,-1.69
2014/11/13,881.04,-3.31,-0.37
2014/11/12,884.35,-8.17,-0.92
2014/11/11,892.52,7.78,0.88
2014/11/10,884.74,-10.67,-1.19
2014/11/09,895.41,-9.51,-1.05
2014/11/06,904.92,0.25,0.03
2014/11/05,904.67,7.21,0.8
2014/11/04,897.46,-6.57,-0.73
2014/11/03,904.03,-17.27,-1.87
2014/11/02,921.3,-8.91,-0.96
2014/10/30,930.21,-2.87,-0.31
2014/10/28,934.13,-0.88,-0.09
2014/10/27,935.01,4.68,0.5
2014/10/26,930.33,1.34,0.14
2014/10/22,928.99,4.65,0.5
2014/10/21,924.34,-1.16,-0.13
2014/10/20,925.5,-0.35,-0.04
2014/10/19,925.85,2.26,0.24
2014/10/16,923.59,0.47,0.05
2014/10/15,923.12,11.28,1.24
2014/10/14,911.84,3.01,0.33
2014/10/13,910.35,-4.69,-0.51
2014/10/12,915.04,-6.84,-0.74
2014/10/09,921.88,-3.33,-0.36
2014/10/08,925.21,-12.78,-1.36
2014/09/30,937.99,0.68,0.07
2014/09/29,937.31,20.68,2.26
2014/09/28,916.63,4.31,0.47
2014/09/24,912.32,16.31,1.82
2014/09/23,896.01,14.14,1.6
2014/09/22,881.87,-1.64,-0.19
2014/09/21,883.51,-16.38,-1.82
2014/09/18,899.89,-13.53,-1.48
2014/09/17,913.42,-6.46,-0.7
2014/09/16,919.88,10.49,1.15
2014/09/15,909.39,7.24,0.8
2014/09/14,902.15,-8.5,-0.93
2014/09/11,910.65,0.03,0.0
2014/09/10,910.62,-9.44,-1.03
2014/09/09,920.06,44.5,5.08
2014/09/07,875.56,-46.13,-5.0
2014/09/04,921.69,-12.27,-1.31
2014/09/03,933.96,-12.64,-1.34
2014/09/01,946.6,-6.0,-0.63
2014/08/31,952.6,-19.57,-2.01
2014/08/28,972.17,11.74,1.22
2014/08/27,960.43,38.57,4.18
2014/08/26,921.86,-25.98,-2.74
2014/08/25,947.84,-37.61,-3.82
2014/08/24,985.45,-12.68,-1.27
2014/08/21,997.12,1.41,0.14
2014/08/20,995.71,-17.91,-1.77
2014/08/19,1013.62,0.37,0.04
2014/08/18,1013.25,-21.14,-2.04
2014/08/14,1034.39,8.18,0.8
2014/08/13,1026.21,4.35,0.43
2014/08/12,1021.86,18.73,1.8
2014/08/07,1040.59,0.63,0.06
2014/08/06,1041.22,3.52,0.34
2014/08/05,1044.74,5.71,0.55
2014/08/04,1039.03,17.4,1.65
2014/08/03,1056.43,9.66,0.91
2014/07/31,1066.09,3.65,0.3435
2014/07/30,1062.44,-10.38,-0.9675
2014/07/28,1072.82,-1.11,-0.1034
2014/07/27,1073.93,-5.16,-0.4782
2014/07/24,1079.09,-2.42,-0.2238
2014/07/23,1081.51,3.86,0.3582
2014/07/22,1077.65,-5.9,-0.5445
2014/07/21,1083.55,8.58,0.7982
2014/07/20,1074.97,29.08,2.7804
2014/07/17,1045.89,9.78,0.9439
2014/07/16,1036.11,10.42,1.0159
2014/07/15,1025.69,-3.25,-0.3159
2014/07/14,1028.94,-8.04,-0.7753
2014/07/13,1036.98,13.51,1.32
2014/07/10,1023.47,0.0,0.0
2014/07/09,1016.5,1.83,0.1804
2014/07/08,1014.67,19.48,1.9574
2014/07/07,995.19,8.85,0.8973
2014/07/06,986.34,13.49,1.3867
2014/07/03,972.85,0.0,0.0
2014/07/02,972.48,15.88,1.6601
2014/07/01,956.6,10.78,1.1398
2014/06/30,945.82,2.34,0.248
2014/06/29,943.48,7.17,0.7658
2014/06/26,937.05,13.48,1.4596
2014/06/25,932.19,8.62,0.9333
2014/06/24,923.55,5.97,0.6506
2014/06/23,917.58,-8.92,-0.9628
2014/06/19,926.5,-5.72,-0.0004
2014/06/18,932.22,-3.27,-0.3495
2014/06/17,935.49,-3.36,-0.3577
2014/06/16,938.85,11.29,1.2168
2014/06/15,927.56,28.03,2.5367
2014/06/12,904.61,5.08,-0.0002
2014/06/11,899.53,4.51,0.5042
2014/06/10,895.02,9.81,1.1084
2014/06/09,885.21,2.05,0.2265
2014/06/08,883.21,0.27,0.4412
2014/06/05,879.33,-3.61,0.0001
2014/06/04,882.94,-1.76,-0.1987
2014/06/03,884.7,4.53,0.5145
2014/06/02,880.17,10.99,1.2648
2014/06/01,869.18,2.61,0.3014
2014/05/30,866.57,9.38,0.0001
2014/05/28,866.57,9.38,0.0001
2014/05/27,856.52,-4.08,-0.4736
2014/05/26,860.6,0.0,-0.4736
2014/05/25,861.47,9.41,1.1045
2014/05/22,852.06,3.59,0.4235
2014/05/21,848.47,4.05,0.4792
2014/05/20,844.42,-0.07,-0.0079
2014/05/19,844.49,-5.18,-0.6091
2014/05/18,849.67,-3.53,-0.4141
2014/05/15,853.2,1.14,0.1333
2014/05/13,852.06,-0.62,-0.0729
2014/05/12,852.68,3.05,0.3594
2014/05/11,849.63,-7.13,-0.8319
2014/05/08,856.76,-9.49,-1.0951
2014/05/07,866.25,4.75,0.5517
2014/05/06,861.5,14.72,1.73
2014/05/05,861.5,14.72,1.74
2014/05/04,830.71,7.47,0.9
2014/04/30,823.24,6.99,0.86
2014/04/29,816.25,2.09,0.26
2014/04/28,814.16,-4.46,-0.54
2014/04/27,818.62,-1.76,-0.21
2014/04/23,820.38,4.91,0.6
2014/04/22,815.47,7.38,0.91
2014/04/21,808.09,-0.36,-0.04
2014/04/20,808.45,-2.67,-0.33
2014/04/17,811.12,-0.34,-0.04
2014/04/16,811.46,-7.12,-0.87
2014/04/15,818.58,0.93,0.11
2014/04/13,817.65,6.29,0.77
2014/04/10,811.34,9.62,1.2
2014/04/09,801.72,5.79,0.73
2014/04/07,795.93,-1.42,-0.18
2014/04/06,797.35,-3.23,-0.4
2014/04/03,800.58,-2.38,-0.3
2014/04/02,802.96,1.97,0.24
2014/04/01,800.99,8.8,1.11
2014/03/31,792.19,9.04,1.15
2014/03/27,783.15,2.13,0.27
2014/03/26,781.02,0.53,0.07
2014/03/25,780.49,-2.27,-0.29
2014/03/24,782.76,8.0,1.03
2014/03/23,774.76,-0.52,-0.07
2014/03/20,775.28,10.37,1.36
2014/03/19,764.91,9.92,1.31
2014/03/18,754.99,-13.55,-1.76
2014/03/17,768.54,-14.54,-1.86
2014/03/13,783.08,2.57,0.32
2014/03/12,780.51,-7.48,-0.94
2014/03/11,787.99,-5.58,-0.7
2014/03/10,793.57,-2.93,-0.37
2014/03/09,796.5,-9.15,-1.13
2014/03/06,805.65,-4.82,-0.6
2014/03/05,810.47,10.42,1.3
2014/03/04,800.05,-10.99,-1.36
2014/03/03,811.04,-14.66,-1.78
2014/02/26,825.7,-3.74,-0.45
2014/02/25,829.44,-0.45,-0.05
2014/02/24,829.89,-1.97,-0.24
2014/02/23,831.86,9.19,1.11
2014/02/20,822.67,8.11,1.0
2014/02/18,814.56,10.83,1.34
2014/02/17,803.73,2.41,0.3
2014/02/16,801.32,-1.78,-0.22
2014/02/13,803.1,4.77,0.6
2014/02/12,798.33,1.78,0.22
2014/02/11,796.55,-6.58,-0.82
2014/02/10,803.13,19.13,2.44
2014/02/09,784.0,-1.78,-0.23
2014/02/06,785.78,4.4,0.56
2014/02/05,781.38,6.47,0.83
2014/02/04,774.91,5.4,0.7
2014/02/03,769.51,-6.41,-0.83
2014/02/02,775.92,-5.54,-0.7
